No;X1;X2;Y;Y_
1;-0.560475647;-0.308801969;0;0
2;-0.230177489;0.177093312;0;1
3;1.558708314;1.254609646;3;0
4;0.070508391;0.992051445;1;0
5;0.129287735;1.195674751;1;1
6;1.715064987;2.441213834;6;1
7;0.460916206;0.634099026;1;0
8;-1.265061235;-0.241336889;0;0
9;-0.686852852;-0.04143216;0;1
10;-0.44566197;-0.415059679;0;1
11;1.224081797;2.167751414;5;0
12;0.359813827;0.132514685;1;0
13;0.400771451;0.736011945;2;1
14;0.110682716;0.867571878;1;1
15;-0.555841135;1.489401098;3;0
16;1.786913137;1.870039224;4;0
17;0.497850478;0.814739949;2;1
18;-1.966617157;-0.482692586;0;1
19;0.701355902;0.9934117;1;0
20;-0.472791408;0.172616853;0;1
21;-1.067823706;2.058442441;3;1
22;-0.217974915;-0.321688558;0;0
23;-1.026004448;0.835394601;3;0
24;-0.728891229;0.243336841;0;0
25;-0.625039268;0.488574966;0;0
26;-1.686693311;-0.050801628;0;0
27;0.837787044;1.643851904;3;1
28;0.153373118;0.560668147;1;0
29;-1.138136937;0.32575751;0;0
30;1.253814921;1.903413103;5;0
31;0.426464221;1.249801799;2;1
32;-0.295071483;0.299435989;1;0
33;0.895125661;1.175246952;3;0
34;0.878133488;0.521778374;1;1
35;0.821581082;0.616944287;1;0
36;0.688640254;0.966535371;3;0
37;0.553917654;1.287727756;2;1
38;-0.061911711;1.113785478;3;0
39;-0.305962664;1.186032091;2;1
40;-0.380471001;0.209034769;1;0
41;-0.694706979;-0.273511365;0;0
42;-0.207917278;0.628209651;0;0
43;-1.265396352;0.168236126;0;1
44;2.168955965;2.504265612;11;1
45;1.207961998;1.603502839;6;0
46;-1.123108583;0.487011044;1;0
47;-0.402884835;0.399339655;1;0
48;-0.466655354;0.138155684;0;0
49;0.779965118;0.613204578;0;0
50;-0.083369066;1.164209882;1;0
51;0.253318514;0.744504247;1;0
52;-0.028546755;-0.123025716;0;0
53;-0.042870457;1.810908405;3;0
54;1.368602284;1.463577191;2;0
55;-0.225770986;1.040929318;2;0
56;1.516470604;1.636028547;2;0
57;-1.548752804;0.140595378;0;0
58;0.58461375;1.15084352;3;0
59;0.123854244;0.802358785;2;0
60;0.215941569;0.885644249;2;0
61;0.379639483;0.132765362;0;1
62;-0.502323453;0.563486478;1;1
63;-0.333207384;0.544382494;1;0
64;-1.018575383;0.345115836;1;0
65;-1.071791226;0.429025385;0;0
66;0.303528641;0.001094258;0;0
67;0.448209779;0.988939725;1;0
68;0.053004227;-0.21010912;0;0
69;0.922267468;1.281973048;4;0
70;2.050084686;2.169430656;12;0
71;-0.491031166;0.137551659;0;0
72;-2.309168876;0.613190501;1;1
73;1.005738524;1.162977763;3;1
74;-0.709200763;0.229863597;0;0
75;-0.688008616;0.701502608;1;0
76;1.02557137;1.343509328;4;0
77;-0.284773007;0.163502901;1;0
78;-1.220717712;0.279143067;0;0
79;0.18130348;0.743657633;3;0
80;-0.138891362;-0.406428611;0;0
81;0.005764186;0.293455043;0;0
82;0.385280401;1.41324784;2;0
83;-0.370660032;0.569152262;1;1
84;0.644376549;0.106912489;0;1
85;-0.220486562;0.545344664;1;1
86;0.331781964;1.309728117;2;0
87;1.096839013;1.245488722;2;0
88;0.435181491;2.188055054;5;0
89;-0.325931586;0.910960456;1;0
90;1.148807618;1.115619326;2;0
91;0.993503856;0.448562702;1;0
92;0.54839696;0.725078735;1;0
93;0.238731735;-0.129218936;0;0
94;-0.627906076;-0.057698101;0;0
95;1.360652449;1.482749036;3;0
96;-0.600259587;0.774236808;1;0
97;2.187332993;2.19500507;14;0
98;1.532610626;1.706265555;4;0
99;-0.235700359;0.614877039;1;0
100;-1.0264209;-0.09290745;0;0
101;-0.710406564;-0.040592848;1;0
102;0.256883709;0.259037608;1;1
103;-0.246691878;0.06521334;0;1
104;-0.347542599;1.268283984;2;1
105;-0.951618567;0.828037996;1;0
106;-0.045027725;0.746858354;1;0
107;-0.784904469;-0.117535602;0;0
108;-1.667941937;0.023854868;0;0
109;-0.38022652;1.10637854;2;0
110;0.918996609;1.680941124;4;0
111;-0.575346963;0.790354652;1;0
112;0.607964322;0.743952042;1;0
113;-1.617882708;0.422439529;0;0
114;-0.055561966;0.996122584;1;0
115;0.519407204;1.175230132;2;1
116;0.301153362;0.199526967;0;1
117;0.105676194;0.321870807;2;1
118;-0.640706008;-0.073175079;0;0
119;-0.849704346;0.361358489;1;0
120;-1.024128791;1.077368391;1;0
121;0.117646597;1.391127856;3;0
122;-0.947474614;-0.202089146;0;0
123;-0.490557444;0.12515188;0;0
124;-0.256092192;0.544704754;0;0
125;1.843862005;2.132048193;9;0
126;-0.651949902;-0.122962323;0;0
127;0.235386572;0.944881722;2;0
128;0.07796085;0.521474437;1;0
129;-0.961856634;0.270848275;0;0
130;-0.071308086;0.874208707;2;0
131;1.444550858;1.074582586;2;0
132;0.451504053;0.376562725;1;0
133;0.041232922;0.081610931;0;0
134;-0.422496832;-0.05858454;0;0
135;-2.053247222;-0.385079788;0;1
136;1.131337213;1.193742076;3;1
137;-1.460640071;-0.291198973;0;1
138;0.739947511;0.998590504;3;0
139;1.909103569;2.306138152;12;0
140;-1.443893161;-0.648559735;0;0
141;0.701784335;1.796717453;3;0
142;-0.262197489;-0.149051953;0;0
143;-1.572144159;0.04691234;0;0
144;-1.514667654;0.012729283;0;0
145;-1.601536174;0.089948651;0;0
146;-0.530906522;0.006534574;0;0
147;-1.461755585;0.226126797;0;0
148;0.687916773;1.013326266;1;0
149;2.100108941;2.101766197;9;0
150;-1.287030476;-0.44954801;0;0
151;0.787738847;0.766247808;1;0
152;0.769042241;1.755878826;5;0
153;0.332202579;0.856331422;2;0
154;-1.008376608;0.027395408;0;0
155;-0.119452607;0.277728279;0;1
156;-0.280395335;0.016137131;0;1
157;0.562989533;0.325776512;1;0
158;-0.372438756;0.78845425;1;1
159;0.976973387;0.349512786;1;1
160;-0.374580858;0.082180753;0;0
161;1.052711466;2.0069575;6;0
162;-1.049177007;0.453708699;0;0
163;-1.260155245;-0.05706218;0;0
164;3.241039935;3.587490433;28;0
165;-0.416857588;1.875069518;4;0
166;0.298227592;-0.062613209;0;0
167;0.636569674;1.505120049;6;0
168;-0.483780626;0.6825453;1;0
169;0.516862044;0.783117615;1;0
170;0.368964527;0.117491135;0;0
171;-0.215380508;0.745356161;1;0
172;0.065293034;-0.063587337;0;0
173;-0.034067254;1.020328075;1;0
174;2.128451899;2.475835215;11;0
175;-0.741336096;-0.027242193;0;0
176;-1.095996267;0.137176652;0;0
177;0.037788399;1.216393612;2;1
178;0.310480749;0.527913117;0;1
179;0.436523479;1.486810997;2;1
180;-0.458365333;1.393388575;2;0
181;-1.063326134;0.078660436;0;0
182;1.263185176;-0.190260491;0;0
183;-0.349650388;-0.326413857;0;0
184;-0.865512863;0.413242344;1;0
185;-0.236279569;-0.258943755;0;0
186;-0.197175894;1.24932695;2;0
187;1.10992029;1.439999399;4;0
188;0.084737292;-0.05294745;0;0
189;0.754053785;1.782715314;3;0
190;-0.499292017;0.774917603;1;0
191;0.21444531;0.003316865;0;0
192;-0.324685911;0.458983299;1;0
193;0.094583528;1.175964186;3;0
194;-0.895363358;0.46533772;1;0
195;-1.310801533;0.642069209;1;0
196;1.997213385;2.105699339;9;0
197;0.600708824;1.145875559;2;0
198;-1.251271362;0.328024428;0;0
199;-0.611165917;0.090312729;0;1
200;-1.185480085;0.525600364;1;1
201;2.198810349;2.162293887;11;0
202;1.312412976;1.851995681;5;0
203;-0.265145057;0.025206085;0;0
204;0.543194059;-0.27791961;0;0
205;-0.414339948;0.809157394;1;0
206;-0.476246895;0.198125368;0;0
207;-0.788602838;0.610320771;1;0
208;-0.594617267;0.093846642;0;0
209;1.650907467;1.403713057;4;0
210;-0.054028125;1.373608518;1;0
211;0.119245236;0.185499023;1;0
212;0.24368743;0.176351254;0;0
213;1.232475878;0.713069538;1;0
214;-0.516063831;-0.421396837;0;0
215;-0.99250715;-0.102839261;0;0
216;1.675696932;0.884635183;2;0
217;-0.441163217;0.544284008;1;0
218;-0.72306597;-0.201486377;0;0
219;-1.236273119;-0.099464837;0;0
220;-1.284715722;0.051382835;0;0
221;-0.573973479;0.399329484;1;0
222;0.617985817;1.482592582;3;0
223;1.109848139;0.419585834;1;0
224;0.707588354;2.342169777;6;0
225;-0.363657297;-0.043409566;0;0
226;0.059749937;-0.291301354;0;0
227;-0.704596464;-0.07922124;0;0
228;-0.717218162;0.914640316;1;0
229;0.884650499;0.792859565;1;0
230;-1.015592579;0.589921338;1;0
231;1.955293965;2.909573097;10;0
232;-0.090319594;0.785156891;1;0
233;0.214538827;0.623005322;1;0
234;-0.738527705;-0.17171275;0;0
235;-0.57438869;0.356423672;0;0
236;-1.317016132;0.857610451;1;0
237;-0.182925388;-0.456669055;0;0
238;0.418982405;0.308603177;0;0
239;0.324304344;1.846196023;4;0
240;-0.781536487;0.102281278;0;0
241;-0.788621971;0.244837176;1;0
242;-0.502198718;-0.067663078;0;1
243;1.49606067;2.210263986;9;1
244;-1.137303621;0.746447305;1;0
245;-0.179051594;0.430913262;2;0
246;1.902361822;2.238332435;6;0
247;-0.100974885;0.628238121;2;0
248;-1.359840704;-0.087040451;0;0
249;-0.664769435;-0.325698741;0;0
250;0.485459979;1.933283728;7;0
251;-0.375602872;1.121462527;3;0
252;-0.561876364;0.05605556;0;0
253;-0.343917234;0.644055465;1;0
254;0.090496647;-0.026491674;0;0
255;1.598508771;1.577069599;3;0
256;-0.088565112;0.991988463;1;0
257;1.080799496;1.424631229;2;0
258;0.630754116;0.143066284;0;0
259;-0.113639896;1.312249733;3;0
260;-1.532902003;-0.263805262;0;0
261;-0.521117318;0.340717638;1;0
262;-0.489870453;0.39405919;0;0
263;0.047154433;0.030490487;0;0
264;1.300198678;2.184764705;4;0
265;2.293078974;1.84105449;4;0
266;1.547581059;1.568748173;3;0
267;-0.133150964;1.053669697;2;0
268;-1.756527396;0.270886135;0;0
269;-0.388779864;0.302058556;0;0
270;0.089207223;-0.631337663;0;0
271;0.845013004;0.676538302;1;0
272;0.962527968;0.650324392;1;0
273;0.684309429;0.134454719;0;0
274;-1.39527435;1.274498743;1;0
275;0.849643046;2.370904305;5;0
276;-0.446557216;1.289885204;2;0
277;0.1748027;0.806709864;1;0
278;0.074551177;1.486398644;1;0
279;0.428166765;0.21754719;0;0
280;0.024674983;0.300308552;1;0
281;-1.667475098;0.432488215;1;0
282;0.736495965;0.689076524;1;0
283;0.386026568;0.992988807;1;0
284;-0.265651625;0.51648013;1;0
285;0.118144511;0.163107739;0;0
286;0.134038645;0.291846968;1;0
287;0.221019469;0.087916592;0;0
288;1.640846166;1.864840598;6;0
289;-0.219050379;1.086162855;1;0
290;0.168065384;0.507956628;0;0
291;1.168383873;1.991004407;6;0
292;1.054181023;0.787513478;1;0
293;1.14526311;1.370696032;3;0
294;-0.577468001;0.979979889;1;0
295;2.00248273;1.849931626;5;0
296;0.066700871;-0.164409303;0;0
297;1.866851845;2.394374211;9;0
298;-1.350902686;-0.216830991;0;0
299;0.020983586;0.813486735;2;0
300;1.249914571;1.450213482;3;0
301;-0.715242187;0.875996329;1;0
302;-0.752688968;0.13271639;0;0
303;-0.938538704;-0.107081885;0;0
304;-1.052513279;1.218722198;1;0
305;-0.437159533;-0.254646873;0;0
306;0.331179173;0.682092466;1;0
307;-2.014210498;-0.133429056;0;0
308;0.211980433;1.529849796;3;0
309;1.236675046;1.075253557;2;0
310;2.037574018;2.19614169;8;0
311;1.301175992;0.146949305;0;0
312;0.756774764;0.328688439;1;0
313;-1.726730399;-0.059129054;0;0
314;-0.601506708;1.20574245;1;0
315;-0.352046457;0.465266765;1;0
316;0.703523903;0.29171087;0;0
317;-0.105671334;0.383595066;1;0
318;-1.258648628;0.230575988;0;0
319;1.684435708;2.036295667;6;1
320;0.911391292;1.513662535;3;1
321;0.237430272;0.695118498;1;0
322;1.21810861;1.608683686;3;0
323;-1.338774287;0.467702246;0;0
324;0.660820298;0.973461663;2;0
325;-0.522912376;-0.126096889;0;0
326;0.683745522;1.307768048;2;0
327;-0.060821955;-0.063288483;0;0
328;0.632960713;1.15547283;1;0
329;1.335517615;1.6948875;4;0
330;0.00729009;0.096588413;0;0
331;1.017558637;0.37258936;1;0
332;-1.188434035;0.427714759;0;0
333;-0.72160444;1.053018241;1;0
334;1.519217711;1.442499227;6;0
335;0.377387973;0.548641849;0;0
336;-2.05222282;-0.160562657;0;0
337;-1.364037452;0.442448988;1;0
338;-0.200781016;0.871071319;2;0
339;0.865779404;1.394520499;5;0
340;-0.101883256;0.929687422;1;0
341;0.624187472;0.280131641;1;0
342;0.959005378;1.470640897;5;0
343;1.671054829;2.006562814;9;0
344;0.056016733;0.160975855;0;0
345;-0.051981906;-0.133561975;0;0
346;-1.753237359;-0.001050431;0;0
347;0.099327594;0.506002952;1;0
348;-0.571850058;0.138254078;0;0
349;-0.974009583;-0.173256036;0;0
350;-0.179906231;1.19942975;1;0
351;1.014943173;1.617136068;4;0
352;-1.992748489;-0.177092149;0;0
353;-0.427279287;1.107753722;1;0
354;0.116637284;0.702717582;1;0
355;-0.89320757;-0.300752008;0;0
356;0.333902942;-0.286699523;0;0
357;0.411429921;0.840316883;1;1
358;-0.033036159;-0.353825212;0;1
359;-2.465898194;0.467026328;0;1
360;2.571458146;2.367779028;13;0
361;-0.205299257;-0.450810871;0;0
362;0.651193282;1.139986704;4;0
363;0.273766491;0.394895385;1;0
364;1.024673235;1.265870735;2;0
365;0.817659446;0.113313319;1;0
366;-0.209793171;0.546723378;1;0
367;0.378167772;1.077403081;2;0
368;-0.945408831;-0.425876176;0;0
369;0.856923011;1.666302449;4;0
370;-0.461038339;-0.786730141;0;0
371;2.416773354;1.694141397;8;0
372;-1.651048896;0.462826885;0;0
373;-0.463987243;1.602981383;2;0
374;0.825379863;1.411542789;2;0
375;0.510132547;0.762291331;0;0
376;-0.589481039;0.930078435;2;1
377;-0.996780742;0.523213799;0;1
378;0.144475705;-0.342437873;0;1
379;-0.014307413;1.659094394;3;0
380;-1.790281237;-0.507988619;0;0
381;0.034551067;1.770930437;4;0
382;0.190230316;-0.644141958;0;0
383;0.174726397;0.196857721;1;0
384;-1.055017043;0.341504977;1;0
385;0.476133278;-0.221730151;0;0
386;1.378570137;1.849509813;5;0
387;0.456236403;1.041690993;2;0
388;-1.13558847;0.400105523;0;0
389;-0.43564547;0.446339248;0;0
390;0.34610362;0.951319169;1;0
391;-0.647045631;0.975615819;2;0
392;-2.157646335;1.101493409;2;0
393;0.88425082;0.649867554;1;0
394;-0.829477612;0.300319919;0;0
395;-0.573560271;0.670845095;1;0
396;1.503900609;1.853724772;7;0
397;-0.77414493;0.858669715;1;0
398;0.84573154;0.732829345;3;0
399;-1.260682879;0.027753342;0;0
400;-0.354542403;0.892482415;2;0
401;-0.073556019;0.99356053;2;0
402;-1.168651424;0.179979975;0;1
403;-0.634748265;0.069732128;0;1
404;-0.028841553;0.880628885;1;1
405;0.670695969;1.394632645;3;0
406;-1.650546543;-0.251634789;0;0
407;-0.349754239;0.793269115;2;0
408;0.756406439;1.371953727;3;0
409;-0.53880916;0.606673461;0;0
410;0.227291922;-0.50928934;0;0
411;0.49222857;1.436809214;3;0
412;0.267835015;-0.156669882;0;0
413;0.653257679;0.473610169;1;0
414;-0.122708661;0.860083536;1;0
415;-0.413676514;0.620978376;1;0
416;-2.643148952;0.409676301;0;0
417;-0.092941018;0.459523996;1;0
418;0.430284696;0.863347394;3;0
419;0.535398841;0.329660435;1;1
420;-0.555278351;-0.366139731;0;1
421;1.77950291;2.165301895;6;1
422;0.28642442;0.728537951;1;0
423;0.126315858;0.181697753;0;0
424;1.272266779;1.868337545;5;0
425;-0.718466221;0.28180295;0;0
426;-0.450338624;1.050145424;1;0
427;2.39745248;2.924682163;13;0
428;0.011129187;-0.128490409;0;0
429;1.633568421;1.684004126;6;0
430;-1.438506645;0.161950177;0;0
431;-0.190516802;0.970656967;1;0
432;0.378423904;-0.290477589;0;0
433;0.300038545;1.346710919;2;0
434;-1.00563626;-0.208351337;0;0
435;0.019259275;1.021173305;2;0
436;-1.077420653;-0.152853422;0;0
437;0.712703325;0.570411989;1;0
438;1.08477509;-0.103452372;1;0
439;-2.224987696;0.075558939;0;0
440;1.235693462;-0.279465373;0;0
441;-1.241044497;0.505111242;1;0
442;0.454769269;0.362566266;1;0
443;0.659902638;-0.037432332;0;1
444;-0.199889828;-0.086824945;0;1
445;-0.645113957;0.283375638;0;0
446;0.165321021;1.311665502;2;1
447;0.438818701;0.843083817;1;0
448;0.88330282;0.073421515;1;0
449;-2.052336984;0.094016886;0;0
450;-1.636379268;0.11162531;1;0
451;1.430402341;3.015709196;9;0
452;1.046628847;1.41487163;3;0
453;0.435288949;0.324669223;1;0
454;0.715178407;1.098476449;2;0
455;0.917174918;1.153099288;2;0
456;-2.660922798;0.317738894;0;0
457;1.110277097;1.736032468;3;0
458;-0.484987597;-0.048945542;2;0
459;0.230616831;0.292023798;0;1
460;-0.295157801;-0.562412745;0;1
461;0.871964954;1.307502526;2;0
462;-0.348472449;-0.465512762;0;0
463;0.518503766;-0.065160827;0;1
464;-0.390684979;0.060100214;0;1
465;-1.092787209;0.673338013;0;0
466;1.21001051;-0.179440451;0;0
467;0.740900011;1.406066836;1;0
468;1.724262239;1.364902898;5;0
469;0.065153933;0.567848291;1;0
470;1.125002746;0.897042249;2;0
471;1.975419054;1.79764916;7;0
472;-0.281482115;0.84324994;1;0
473;-1.322951113;0.148733829;0;0
474;-0.239351567;0.410932564;2;0
475;-0.21404124;-0.288751729;0;0
476;0.151680505;-0.505751883;0;0
477;1.712304977;1.97571567;4;0
478;-0.326143893;0.95083397;1;0
479;0.373004656;0.841684701;1;0
480;-0.227684065;1.667507;2;0
481;0.020450709;0.013752852;0;0
482;0.314057664;0.096966251;0;1
483;1.328214696;1.280261946;4;1
484;0.121318377;0.635766017;0;0
485;0.71284232;1.323706777;3;0
486;0.77886003;1.210113547;3;0
487;0.914773271;0.547885062;1;0
488;-0.574394552;1.361892031;1;0
489;1.626881214;1.880756931;8;0
490;-0.380956739;0.832769545;1;1
491;-0.105784168;1.040586758;2;1
492;1.404050268;2.369050794;7;0
493;1.294083906;1.646577993;3;0
494;-1.089991872;-0.32263692;0;1
495;-0.873071;-0.718833706;0;0
496;-1.358079059;1.246931863;1;0
497;0.181847193;1.741636526;2;0
498;0.164840868;0.903733322;2;0
499;0.364114687;1.181408392;1;0
500;0.552157714;1.286451012;2;0
501;-0.601892846;-0.069067001;0;0
502;-0.993698591;0.218295288;0;0
503;1.026785056;1.608280889;4;0
504;0.751061303;1.814115984;4;0
505;-1.509166537;0.080025098;0;0
506;-0.095147451;0.132850596;0;0
507;-0.895947823;-0.048028688;0;0
508;-2.070751071;0.090819925;0;0
509;0.150120131;0.429526633;0;0
510;-0.079211709;0.921256473;1;0
511;-0.097369268;0.830512647;1;0
512;0.216152542;0.767491146;1;0
513;0.882465164;1.382790556;3;0
514;0.205597504;0.249007877;1;0
515;-0.616435843;-0.264062173;0;0
516;-0.734799252;0.992725162;1;0
517;-0.131802793;0.755803533;1;1
518;0.310016987;0.946079324;2;0
519;-1.039680353;0.196018439;0;0
520;-0.184308869;-0.302979705;0;0
521;0.96726726;2.006907501;6;0
522;-0.108280091;-0.250353412;0;0
523;-0.698420668;-0.187577332;0;0
524;-0.275945168;0.846590305;1;0
525;1.114648545;1.766105364;6;0
526;0.550043961;1.358131441;3;0
527;1.2366758;1.70322581;4;0
528;0.139097857;0.354990037;1;0
529;0.410275096;1.406818801;1;0
530;-0.558456912;1.412452885;2;0
531;0.605370669;0.089343463;0;0
532;-0.506333542;-0.536246825;0;0
533;-1.420565505;0.30134668;0;0
534;0.127992966;1.471875853;2;0
535;1.945851218;2.638412191;11;0
536;0.80091434;1.5287257;3;0
537;1.16525339;0.538085949;1;0
538;0.358855723;0.600687596;2;1
539;-0.608557178;0.760349784;1;0
540;-0.202240855;1.235321808;1;1
541;-0.273248107;1.155530018;2;0
542;-0.46869978;-0.348877881;0;0
543;0.704167284;2.6970459;5;0
544;-1.197363502;-0.11571641;0;0
545;0.866366132;0.86197213;1;0
546;0.864152486;1.652154638;3;0
547;-1.198622359;-0.106939739;0;0
548;0.639491998;1.173341839;2;0
549;2.430226652;2.287143651;10;0
550;-0.557215482;0.012489312;0;0
551;0.844904241;1.463825376;2;0
552;-0.782201846;0.287677063;0;0
553;1.110711418;1.255477312;3;0
554;0.24982472;0.431942375;0;0
555;1.651915392;1.854405706;4;0
556;-1.458970729;0.165753995;1;0
557;-0.051297886;0.678734733;1;0
558;-0.526925176;0.44833249;0;0
559;-0.197264869;-0.25050883;1;0
560;-0.629578743;0.533210579;1;0
561;-0.833843581;0.285623463;0;0
562;0.578722375;0.833923327;1;0
563;-1.087580714;-0.268634808;0;0
564;1.484030932;2.106424973;6;0
565;-1.186206585;-0.225277753;0;0
566;0.101079151;0.378814111;1;0
567;0.532989287;0.032991379;1;0
568;0.586735339;0.948392316;1;0
569;-0.301746664;0.072355952;0;0
570;0.079501995;0.080759029;0;0
571;0.961264152;0.487360999;0;0
572;-1.456465917;-0.353260733;0;0
573;-0.781739712;-0.163518665;0;1
574;0.320402314;0.855679548;2;1
575;-0.444781978;0.657592403;1;0
576;1.370003994;1.771713544;2;0
577;0.673253863;2.123351886;5;0
578;0.072166752;-0.272225886;0;0
579;-1.507757318;0.183018987;0;0
580;0.026100225;0.368121729;1;0
581;-0.316415868;0.810851373;2;0
582;-0.102346514;1.291630339;2;0
583;-1.181559227;0.317879337;0;0
584;0.498658044;0.599497319;1;0
585;-1.03895644;-0.564538464;0;0
586;-0.226221981;0.858671174;1;0
587;0.381425829;1.212509696;2;0
588;-0.783515789;0.22402492;0;0
589;0.582991406;0.227645316;1;0
590;-1.316510402;1.041200333;1;0
591;-2.809774679;0.083614102;0;1
592;0.464967991;0.600783509;2;1
593;0.840539827;1.610864887;4;0
594;-0.285845424;0.035445726;0;0
595;0.504126255;0.988780886;1;0
596;-1.155916525;-0.488684759;0;0
597;-0.127148607;0.28197759;0;0
598;-1.941518376;0.696965874;1;0
599;1.181180891;0.787821762;1;0
600;1.859910862;1.38005103;4;0
601;1.07401226;1.276142405;3;0
602;-0.027346966;-0.075467048;0;0
603;-0.033330342;0.488789575;1;0
604;-1.516067623;-0.051151158;0;0
605;0.790385344;1.317301188;3;0
606;-0.210734181;-0.173918552;0;0
607;-0.656742925;0.039533477;0;0
608;-1.412025793;0.461573644;0;0
609;-0.299762497;0.645557779;1;0
610;-0.849061135;0.155908867;1;0
611;-0.39703052;-0.139995911;0;1
612;-1.217599988;0.262603475;0;1
613;1.687589483;1.388377797;5;0
614;-0.016002527;1.105226777;3;0
615;1.074945077;1.255560975;5;0
616;-2.60169967;0.276489022;0;0
617;-0.45319783;-0.096148244;0;0
618;-0.675482292;1.112588332;1;0
619;-1.222926179;1.125680499;1;0
620;1.546609154;1.853221521;5;0
621;-1.41528192;-0.076253655;0;0
622;0.31839026;-0.051987284;0;0
623;0.846436286;0.848818928;1;0
624;0.178190188;0.315459036;0;0
625;-0.875255477;0.666561233;1;0
626;0.941165807;2.077923027;4;0
627;0.170588082;0.290067914;0;0
628;-1.063497906;-0.015017315;0;0
629;-1.388049048;-0.471676388;0;0
630;2.086717434;1.695022788;5;1
631;-0.678503145;0.260934503;1;1
632;-1.855571654;0.187755887;0;0
633;0.533259363;1.27800884;2;0
634;0.310230256;0.777691047;1;0
635;-1.353834336;0.092031418;0;0
636;-1.942956414;0.698764542;1;0
637;-0.116302517;-0.108414087;0;0
638;1.139396292;0.429792552;1;0
639;0.636124035;1.102260307;5;0
640;-0.492937424;0.700192578;1;0
641;-0.834188232;1.62527044;4;0
642;0.271066757;1.155527391;0;0
643;0.157353347;1.193871701;1;0
644;0.629711747;0.18945356;0;0
645;-0.39579795;0.448357837;1;0
646;0.899354053;1.220974658;4;0
647;-0.830811527;0.903160901;1;0
648;-0.3305447;-0.298489994;0;0
649;0.740814524;0.948852299;1;0
650;0.989971609;1.486357928;3;0
651;-1.938504701;-0.203651842;0;0
652;0.107190407;0.974443538;2;0
653;0.608779012;0.054182854;0;0
654;-1.450824313;-0.160211572;0;0
655;0.4806256;0.7098522;1;0
656;-0.82817427;-0.149541187;0;0
657;1.020253012;2.050636177;4;0
658;0.538482032;0.067511692;0;0
659;0.769052295;1.01385221;2;0
660;0.120719329;0.58982184;1;0
661;0.863648434;0.820575633;2;1
662;1.380514528;2.055737132;4;1
663;1.966248015;1.990302752;7;0
664;-0.028395055;0.058763132;0;0
665;-2.24905109;0.115891572;0;0
666;0.031526005;-0.165083955;0;0
667;0.205561208;1.054608686;2;0
668;-0.155345347;0.725152352;0;0
669;0.568288621;-0.144516787;0;0
670;1.010677965;-0.125627892;0;0
671;-0.51798243;0.383638021;0;0
672;-0.294095327;0.695644545;2;0
673;0.397842209;0.716383173;1;0
674;-0.550223741;0.304882624;0;0
675;0.091267383;0.834580494;1;0
676;-1.961707599;0.253504862;0;0
677;-1.119899721;0.501785349;1;0
678;-1.327755476;0.96338171;1;0
679;-0.853623697;0.289594367;0;1
680;-0.693304528;0.073852664;1;1
681;0.382305143;0.200517573;0;0
682;0.982113003;1.687926183;5;0
683;-0.727383529;-0.10785495;0;0
684;-0.996838982;1.127721649;2;0
685;-1.041688859;-0.073357608;0;0
686;-0.414588726;0.153684855;0;0
687;-0.239029068;0.487613797;0;0
688;0.483617534;1.203431035;2;0
689;-0.321324842;0.272263595;1;0
690;-2.078489269;1.369797648;2;0
691;-0.091434276;0.054305918;0;0
692;1.187186811;2.568122246;5;1
693;1.191601269;1.32557159;4;1
694;-0.788963218;1.127948114;2;0
695;-1.547776544;0.156186335;0;0
696;2.458060492;2.816822203;13;0
697;-0.162421942;0.543261462;1;0
698;-0.09745125;-0.246908213;0;0
699;0.420574189;1.768837453;3;0
700;-1.614039457;-0.319289744;0;0
701;-0.728219111;0.72542123;1;0
702;-1.540442405;0.853193312;1;0
703;-0.693094614;0.213057258;0;0
704;0.118849433;2.253444786;4;0
705;-1.364709458;-0.572889923;0;0
706;0.589982679;0.996491506;2;0
707;0.289344029;0.073235719;1;0
708;-0.904215026;-0.301288347;0;0
709;0.226324942;1.555662568;3;0
710;0.748081162;0.11090497;1;0
711;1.061095253;1.335298289;2;1
712;-0.212848279;0.354005385;1;1
713;-0.093636794;0.865161573;1;0
714;-0.086714135;1.105814794;3;0
715;1.441461756;0.975612091;2;0
716;1.125071892;1.43336768;3;0
717;0.834401568;1.436147939;4;0
718;-0.2873408;1.259413771;2;0
719;0.373241434;1.556870195;3;0
720;0.403290331;1.02897019;2;0
721;-1.041673294;-0.590770718;0;0
722;-1.728304515;0.065628697;0;0
723;0.641830028;-0.510555293;0;0
724;-1.529310531;0.338120795;0;0
725;0.001683688;1.182150599;2;0
726;0.250247821;1.635456807;3;0
727;0.56386739;0.850760571;1;0
728;0.189426238;1.096837948;2;0
729;-0.732853806;-0.061213892;0;0
730;0.98636586;1.229452036;3;0
731;1.738633767;1.90061126;7;0
732;0.881178809;1.159865259;3;0
733;-1.943650901;0.422782717;0;1
734;1.399576185;1.194676563;3;1
735;-0.056055946;0.04798434;0;0
736;0.524914279;0.132638918;0;0
737;0.622033236;-0.67346098;0;0
738;-0.096686073;0.852038937;2;0
739;-0.075263198;0.799662292;2;0
740;1.019157069;0.780664133;1;0
741;0.711601922;-0.071156443;0;0
742;0.990262246;0.619087099;1;0
743;2.382926695;2.580217834;11;0
744;0.664415864;-0.122117378;0;0
745;0.207381157;-0.122498401;0;0
746;-2.210633111;0.194124297;0;0
747;2.691714003;2.087004476;12;0
748;-0.482676822;1.216728154;2;0
749;2.374734715;2.294626299;12;0
750;0.374643568;0.759125182;2;0
751;1.538430199;1.387800401;3;0
752;-0.109710321;1.035088911;1;0
753;0.511470755;0.904751733;1;0
754;0.21395798;0.796118618;2;0
755;-0.186120699;0.362211443;0;0
756;-0.120393825;0.660597695;1;0
757;1.012834336;1.262141466;2;0
758;-0.201458147;1.106692885;1;0
759;-2.037682494;-0.049103069;0;0
760;-0.195889249;-0.301539015;0;0
761;0.539790606;0.886223347;1;0
762;0.616455716;0.578307121;1;0
763;0.616567817;0.097840802;1;0
764;-1.692101521;0.117742685;0;0
765;0.368742058;1.422005249;3;0
766;0.96785921;1.387294809;4;0
767;1.276578681;0.920954205;1;0
768;-0.224961271;-0.42887995;0;0
769;-0.321892586;-0.253082367;0;0
770;1.487837832;1.479278917;3;0
771;-1.667928046;-0.312624162;0;0
772;-0.436829977;-0.056459577;0;0
773;0.457462079;1.318281367;5;0
774;-1.617773765;1.050181006;1;0
775;0.279627862;1.227202397;1;0
776;1.877864021;2.714408663;10;0
777;-0.004060653;0.433127758;0;0
778;-0.278454025;0.515653214;1;0
779;0.474911714;1.810552016;3;0
780;-0.279072171;0.134053121;0;0
781;0.813400374;0.735950731;2;0
782;0.904435464;1.289214492;3;0
783;0.002691661;1.187724243;1;0
784;-1.176692158;0.804396501;1;0
785;-1.318220727;0.024365748;0;0
786;-0.592997366;0.320343079;0;0
787;0.797380501;0.99204096;3;0
788;-1.958205175;0.292502109;0;0
789;-1.886325159;0.434964839;1;0
790;-0.653779825;-0.535442053;0;0
791;0.394394848;0.761999079;1;0
792;-0.913566048;0.379466561;0;0
793;0.886749037;-0.214230203;0;0
794;0.33336997;0.647919209;2;0
795;-0.170639618;0.881199415;1;0
796;0.818828137;0.429575389;1;0
797;0.388365163;1.221912639;3;0
798;-0.445935027;0.87621671;1;0
799;0.231114934;1.59030586;3;0
800;0.647513358;1.514168166;4;0
801;0.356283345;1.068931629;1;0
802;-0.658010208;0.573329986;1;0
803;0.855202205;1.853267908;4;0
804;1.152936226;1.970028904;6;0
805;0.276274557;0.365323423;0;0
806;0.144104662;0.285982473;0;0
807;-0.075625081;1.652653935;4;0
808;2.161415846;2.112221382;8;0
809;0.276315532;1.412263101;2;0
810;-0.158294029;0.630262065;1;0
811;-2.507917802;0.179184969;0;0
812;-1.565281765;-0.474470578;0;0
813;-0.077673201;1.216063504;2;0
814;0.206294045;-0.268830515;0;0
815;0.276872459;0.935906404;1;0
816;0.82150678;1.895970165;3;0
817;-0.194152409;-0.463797444;0;0
818;1.214588794;1.916205281;4;0
819;-0.921516043;-0.075011771;0;0
820;-1.20844272;-0.388980529;0;0
821;-1.228986178;0.040530536;0;0
822;0.742297024;1.572851701;3;0
823;-0.082919942;0.794675463;2;0
824;0.789817922;1.049657572;2;0
825;-0.267706422;0.289991132;0;0
826;-0.591892102;0.797392759;1;0
827;-0.368352575;0.743060528;1;0
828;-1.852616824;-0.37434317;0;0
829;-1.16961526;0.397703235;1;0
830;-1.442034646;0.13236797;0;0
831;1.054322272;0.911925485;2;0
832;-0.597330091;0.002813662;1;0
833;0.789459853;1.546907828;3;0
834;1.516490602;2.377930059;5;0
835;-0.191774809;1.062710527;1;0
836;0.283878906;0.977657648;2;0
837;-1.751067519;-0.370136293;0;0
838;-0.818669778;-0.0956913;0;0
839;0.056214849;0.128616838;0;0
840;0.299086903;1.359485221;3;0
841;-0.759398117;0.039842746;0;0
842;2.684858999;2.965915434;14;0
843;-0.458390139;0.442184022;1;0
844;0.064243557;0.779253781;1;0
845;0.649791867;1.253606559;2;0
846;-0.026018635;1.880905046;3;0
847;-0.643567387;-0.877988576;0;0
848;1.045305664;1.489130723;4;0
849;1.615545323;1.259387739;7;0
850;-0.029693971;-0.13664115;0;0
851;0.562267345;0.28075492;0;0
852;-0.097412499;-0.102247459;0;0
853;1.016455218;1.295942603;3;0
854;-1.156167394;0.916599784;1;0
855;2.320860224;2.273942813;11;0
856;-0.603531248;0.36502273;0;0
857;-1.458849414;0.395811835;0;0
858;-0.350917827;0.7347958;1;0
859;0.146708484;0.130895242;0;0
860;1.623621208;1.297003464;1;0
861;0.911209677;0.880977888;1;0
862;0.142458432;1.065938009;2;0
863;-1.389483524;0.843897691;1;0
864;-0.866037745;0.148583734;0;0
865;-0.163284932;-0.490722724;0;0
866;2.553026113;2.59709275;10;0
867;-1.860227574;0.344339204;0;0
868;1.131054652;2.302268219;6;0
869;-0.527234257;0.729776731;1;0
870;1.6659909;1.669610143;4;0
871;-1.13920064;0.669655935;1;0
872;0.143623235;1.141070548;2;0
873;-1.099550942;0.189815817;0;0
874;0.903516426;0.979050618;3;0
875;1.483779489;2.663168179;7;0
876;1.950721006;1.718575927;4;0
877;0.797600658;1.877340941;5;0
878;1.843266255;1.331789399;2;0
879;1.246423909;0.616474127;2;0
880;-0.131874912;-0.055956748;0;0
881;0.477037238;0.89052054;1;0
882;-0.971994211;0.665173134;1;0
883;-0.185202169;0.658084547;1;0
884;1.220963708;1.191660045;3;0
885;0.541284143;0.23036884;0;0
886;0.457357332;1.459457578;4;0
887;-1.03813104;-0.015128443;0;0
888;-0.60451323;0.706478466;1;0
889;-0.764606014;-0.655384132;0;0
890;0.39529587;1.158880771;2;0
891;-0.99050763;-0.050196259;0;0
892;0.56204139;1.540267943;4;0
893;-1.116416412;-0.352278347;0;0
894;1.828530458;1.61293386;5;0
895;0.460591349;0.471826109;2;0
896;-0.701003612;0.653299096;1;0
897;0.241045933;0.316901589;1;0
898;-0.352453199;0.42378597;1;0
899;0.37114796;1.156626561;1;0
900;0.243532719;1.641451036;3;0
901;-1.014114173;-0.368181657;0;0
902;-0.791313879;0.641998954;1;0
903;0.299593685;1.357903919;2;0
904;1.639051909;1.975047735;6;0
905;1.084617009;1.180038724;4;0
906;-0.624567474;0.043637996;0;0
907;0.825922902;0.908455597;2;0
908;-0.048568353;0.791495826;2;0
909;0.301313652;-0.470120738;0;0
910;0.260361491;1.28793116;2;0
911;2.575449764;2.359069393;8;0
912;-1.185288811;0.0634551;0;0
913;0.100919859;0.418565152;1;0
914;-1.779977288;0.078988176;0;0
915;0.589835923;0.104406803;0;0
916;1.096608472;1.405735404;3;0
917;1.445662241;1.294440025;2;1
918;-1.925145252;-0.329077808;0;1
919;0.412769497;0.338033829;1;0
920;1.593369951;1.907986003;5;0
921;-0.414015863;-0.039821543;0;0
922;-0.212150532;0.298982416;0;0
923;-0.036537222;0.073604473;1;0
924;0.365018751;0.941782333;1;0
925;0.665159876;1.18072601;3;0
926;1.317820884;0.52903582;1;0
927;-0.09548759;0.156539818;0;0
928;0.196278045;-0.662315686;0;0
929;2.487997877;2.855602539;17;0
930;0.431098928;0.903012925;2;0
931;0.188753109;-0.062889038;0;0
932;-1.342243125;0.017072803;0;0
933;0.002856048;0.012512117;0;0
934;-0.221326153;0.531706187;1;0
935;-0.01104583;0.614173811;2;0
936;-0.575417641;0.518900713;0;0
937;-0.686815652;-0.164345564;0;0
938;-0.720773632;0.542489991;1;0
939;-0.214504515;0.087409348;0;0
940;1.368132648;1.420712155;5;0
941;1.049086627;0.5979434;2;0
942;-0.359975118;0.507337257;0;0
943;-1.685916455;1.096044875;1;0
944;-0.844583429;-0.100171351;0;0
945;-0.457760533;1.161547357;1;0
946;0.103638004;0.630247434;1;0
947;-0.662607276;0.892751195;1;0
948;2.006680691;1.770069143;5;0
949;-0.272267534;1.024221493;2;0
950;-1.21394447;0.149389881;0;0
951;-0.141261757;-0.029978173;0;0
952;-1.005377582;-0.3018477;0;0
953;0.156155707;0.846355975;2;0
954;0.233633614;1.005772514;1;0
955;0.355587612;0.231147725;1;0
956;-1.621858259;0.215464698;0;0
957;0.220711291;0.694986899;1;0
958;0.310450081;1.054840109;1;1
959;-1.421108448;1.099276152;2;1
960;0.95536564;0.43294143;1;0
961;0.784170879;1.539009963;4;0
962;2.299619361;0.746451228;4;0
963;0.156702987;0.798480102;2;0
964;0.046733528;0.068633186;0;0
965;0.096585834;0.024621341;0;0
966;0.069766231;0.205578803;0;0
967;-1.848472775;-0.340862437;0;0
968;-1.671127059;0.808493768;1;0
969;-0.077538967;1.757261039;4;0
970;-0.581067381;-0.177796399;0;0
971;0.054736525;-0.505359033;0;0
972;-2.111208373;0.271748652;0;0
973;-1.498698255;-0.062435192;0;0
974;-1.101483439;0.039282569;0;0
975;0.986058221;1.468480185;4;0
976;-1.098490007;-0.388600889;0;0
977;-0.799513954;0.571251532;1;0
978;0.079873819;0.263488365;0;0
979;-0.322746362;1.348473547;2;0
980;0.146417179;0.230052028;0;0
981;2.305061982;2.062710304;9;0
982;-1.124603671;-0.508130333;0;0
983;-0.30546964;1.233722656;2;0
984;-0.51675945;-0.005297318;0;0
985;1.512395427;1.780317459;5;0
986;-0.769484923;-0.142692248;0;0
987;-0.082086904;0.185088542;1;0
988;0.787133614;1.529057872;3;0
989;-1.058590536;-0.330457146;0;0
990;1.655175816;1.977153224;8;0
991;0.675762415;0.665029247;3;0
992;-1.07420661;1.790611032;2;0
993;0.454577809;1.2156095;2;0
994;-0.213307143;0.284915349;1;0
995;0.313228772;0.031694118;0;0
996;-0.089975197;-0.182175885;0;1
997;1.070516037;0.486757992;0;0
998;-1.351100386;1.27100157;1;0
999;-0.522616697;0.614100136;0;1
1000;-0.249190678;0.953233524;2;1
